{
  "CTk": {
      "fg_color": ["gray92", "gray14"]
  },
  "CTkToplevel": {
      "fg_color": ["gray92", "gray14"]
  },
  "CTkFrame": {
      "corner_radius": 6,
      "border_width": 0,
      "fg_color": ["#ffc0cb", "#985475"],
      "top_fg_color": ["#e9a9c6", "#a05d78"],
      "border_color": ["#cb8bb2", "#7c3847"]
  },
  "CTkButton": {
      "corner_radius": 6,
      "border_width": 0,
      "fg_color": ["#a85475", "#6c1f2b"],
      "hover_color": ["#98415f", "#5c0f0b"],
      "border_color": ["#8b3c49", "#b7707d"],
      "text_color": ["#F3EFFF", "#F3EFFF"],
      "text_color_disabled": ["gray74", "gray60"]
  },
  "CTkLabel": {
      "corner_radius": 0,
      "fg_color": "transparent",
      "text_color": ["gray10", "#F3EFFF"]
  },
  "CTkEntry": {
      "corner_radius": 6,
      "border_width": 2,
      "fg_color": ["#ffd9cb", "#5f172d"],
      "border_color": ["#af6d88", "#79344e"],
      "text_color": ["gray10", "#F3EFFF"],
      "placeholder_text_color": ["gray52", "gray62"]
  },
  "CTkCheckBox": {
      "corner_radius": 6,
      "border_width": 3,
      "fg_color": ["#a85475", "#6c1f2b"],
      "border_color": ["#8b3c49", "#b7707d"],
      "hover_color": ["#a85475", "#6c1f2b"],
      "checkmark_color": ["#F3EFFF", "#A3A0D2"],
      "text_color": ["gray10", "#F3EFFF"],
      "text_color_disabled": ["gray60", "gray45"]
  },
  "CTkSwitch": {
      "corner_radius": 1000,
      "border_width": 3,
      "button_length": 0,
      "fg_color": ["#cf91a1", "#8f4f5e"],
      "progress_color": ["#a85475", "#6c1f2b"],
      "button_color": ["gray36", "#D5D9DE"],
      "button_hover_color": ["gray20", "gray100"],
      "text_color": ["gray10", "#F3EFFF"],
      "text_color_disabled": ["gray60", "gray45"]
  },
  "CTkRadioButton": {
      "corner_radius": 1000,
      "border_width_checked": 6,
      "border_width_unchecked": 3,
      "fg_color": ["#a85475", "#6c1f2b"],
      "border_color": ["#8b3c49", "#b7707d"],
      "hover_color": ["#98415f", "#5c0f0b"],
      "text_color": ["gray10", "#F3EFFF"],
      "text_color_disabled": ["gray60", "gray45"]
  },
  "CTkProgressBar": {
      "corner_radius": 1000,
      "border_width": 0,
      "fg_color": ["#cf91a1", "#8f4f5e"],
      "progress_color": ["#a85475", "#6c1f2b"],
      "border_color": ["gray", "gray"]
  },
  "CTkSlider": {
      "corner_radius": 1000,
      "button_corner_radius": 1000,
      "border_width": 6,
      "button_length": 0,
      "fg_color": ["#cf91a1", "#8f4f5e"],
      "progress_color": ["gray40", "#AAB0B5"],
      "button_color": ["#a85475", "#6c1f2b"],
      "button_hover_color": ["#98415f", "#5c0f0b"]
  },
  "CTkOptionMenu": {
      "corner_radius": 6,
      "fg_color": ["#a85475", "#6c1f2b"],
      "button_color": ["#98415f", "#5c0f0b"],
      "button_hover_color": ["#514075", "#2B1B3C"],
      "text_color": ["#F3EFFF", "#F3EFFF"],
      "text_color_disabled": ["gray74", "gray60"]
  },
  "CTkComboBox": {
      "corner_radius": 6,
      "border_width": 2,
      "fg_color": ["#ffd9cb", "#5f172d"],
      "border_color": ["#af6d88", "#79344e"],
      "button_color": ["#837CB9", "#4D437F"],
      "button_hover_color": ["#655E8D", "#726A9E"],
      "text_color": ["gray10", "#F3EFFF"],
      "text_color_disabled": ["gray50", "gray45"]
  },
  "CTkScrollbar": {
      "corner_radius": 1000,
      "border_spacing": 4,
      "fg_color": "transparent",
      "button_color": ["gray55", "gray41"],
      "button_hover_color": ["gray40", "gray53"]
  },
  "CTkSegmentedButton": {
      "corner_radius": 6,
      "border_width": 2,
      "fg_color": ["#af6d88", "gray29"],
      "selected_color": ["#a85475", "#6c1f2b"],
      "selected_hover_color": ["#98415f", "#5c0f0b"],
      "unselected_color": ["#af6d88", "gray29"],
      "unselected_hover_color": ["gray70", "gray41"],
      "text_color": ["#F3EFFF", "#F3EFFF"],
      "text_color_disabled": ["gray74", "gray60"]
  },
  "CTkTextbox": {
      "corner_radius": 6,
      "border_width": 0,
      "fg_color": ["#ffd9cb", "#1D1E1E"],
      "border_color": ["#af6d88", "#79344e"],
      "text_color": ["gray10", "#F3EFFF"],
      "scrollbar_button_color": ["gray55", "gray41"],
      "scrollbar_button_hover_color": ["gray40", "gray53"]
  },
  "CTkScrollableFrame": {
      "label_fg_color": ["gray78", "gray23"]
  },
  "DropdownMenu": {
      "fg_color": ["gray90", "gray20"],
      "hover_color": ["gray75", "gray28"],
      "text_color": ["gray10", "gray90"]
  },
  "CTkFont": {
      "macOS": {
          "family": "SF Display",
          "size": 13,
          "weight": "normal"
      },
      "Windows": {
          "family": "Roboto",
          "size": 13,
          "weight": "normal"
      },
      "Linux": {
          "family": "Roboto",
          "size": 13,
          "weight": "normal"
      }
  }
}
